{"RMSE_Loss_Train": 1.6644200086593628, "R2_Score_Train": -1.5207102298736572, "RMSE_Loss_Validation": 2.5796658992767334, "training_duration_(H,M,S)": "0:07:42.018452", "inference_latency_(ms)": 0.3787878787878788}