{"RMSE_Loss_Train": 0.894609272480011, "R2_Score_Train": -0.14651012420654297, "RMSE_Loss_Validation": 1.7397663593292236, "training_duration_(H,M,S)": "0:07:12.782833", "inference_latency_(ms)": 0.4734848484848485}