{"RMSE_Loss_Train": 160.4264373779297, "R2_Score_Train": -7.885956764221191, "RMSE_Loss_Validation": 192.38072204589844, "training_duration_(H,M,S)": "0:07:20.209124", "inference_latency_(ms)": 0.7575757575757576}