{"loss": 0.9904170452153574, "r2": 0.029942550288797}