{"RMSE_test": 0.957038851195568, "RMSE_train": 0.9716515143904026, "R2_test": 0.03916909365167898, "R2_train": -0.02312722567451342}