{"RMSE_test": 0.9697202491788115, "RMSE_train": 0.9618021159404806, "R2_test": -0.019064109837920507, "R2_train": 0.029581016278896533}