{"RMSE_train": 0.9250155063310889, "RMSE_validation": 1.0636375567131189, "RMSE_test": 1.0125443361502615, "R2_train": 0.10865220130206998, "R2_test": -0.14208949154407446, "R2_validation": -0.00559934797067374}