{"RMSE_Loss_Train": 72.45280456542969, "R2_Score_Train": -0.0033452510833740234, "RMSE_Loss_Validation": 86.09386444091797, "training_duration_(H,M,S)": "0:07:17.128605", "inference_latency_(ms)": 1.1363636363636365}