{"RMSE_Loss_Train": 0.9240625500679016, "R2_Score_Train": -0.2685542106628418, "RMSE_Loss_Validation": 1.8300228118896484, "training_duration_(H,M,S)": "0:07:10.925321", "inference_latency_(ms)": 0.4734848484848485}