{"RMSE_Loss_Train": 2.0116117000579834, "R2_Score_Train": -2.6176400184631348, "RMSE_Loss_Validation": 2.2181050777435303, "training_duration_(H,M,S)": "0:08:20.110001", "inference_latency_(ms)": 0.615530303030303}