{"RMSE_Loss_Train": 1.8822554349899292, "R2_Score_Train": -1.928161859512329, "RMSE_Loss_Validation": 2.7803502082824707, "training_duration_(H,M,S)": "0:07:57.678361", "inference_latency_(ms)": 0.42613636363636365}