{"RMSE_Loss_Train": 0.9255484342575073, "R2_Score_Train": -0.05039823055267334, "RMSE_Loss_Validation": 1.6652482748031616, "training_duration_(H,M,S)": "0:07:10.670709", "inference_latency_(ms)": 0.3314393939393939}