{"RMSE_Loss_Train": 74.88633728027344, "R2_Score_Train": -0.00600588321685791, "RMSE_Loss_Validation": 86.20793914794922, "training_duration_(H,M,S)": "0:07:15.203724", "inference_latency_(ms)": 0.6628787878787878}