{"RMSE_Loss_Train": 0.959297776222229, "R2_Score_Train": -0.024321317672729492, "RMSE_Loss_Validation": 1.6444478034973145, "training_duration_(H,M,S)": "0:07:12.224127", "inference_latency_(ms)": 0.3314393939393939}