{"RMSE_Loss_Train": 1.3705403804779053, "R2_Score_Train": 0.3152780532836914, "RMSE_Loss_Validation": 0.9649983644485474, "training_duration_(H,M,S)": "0:08:45.692638", "inference_latency_(ms)": 0.5681818181818182}