{"RMSE_Loss_Train": 160.7085723876953, "R2_Score_Train": -7.915676116943359, "RMSE_Loss_Validation": 192.70216369628906, "training_duration_(H,M,S)": "0:06:59.863001", "inference_latency_(ms)": 0.7102272727272727}