{"RMSE_Loss_Train": 1.1833326816558838, "R2_Score_Train": -0.30776500701904297, "RMSE_Loss_Validation": 1.3336267471313477, "training_duration_(H,M,S)": "0:08:19.968996", "inference_latency_(ms)": 0.5681818181818182}