{"loss": 1.0178095040069068, "r2": -0.024458209393163344}