{"loss": 1.0955041617098549, "r2": -0.1868321618631985}