{"RMSE_Loss_Train": 1.2814306020736694, "R2_Score_Train": 0.21080201864242554, "RMSE_Loss_Validation": 1.0360063314437866, "training_duration_(H,M,S)": "0:08:29.304374", "inference_latency_(ms)": 0.7575757575757576}