{"RMSE_Loss_Train": 87.37593841552734, "R2_Score_Train": -2.7059826850891113, "RMSE_Loss_Validation": 109.56737518310547, "training_duration_(H,M,S)": "0:07:51.143799", "inference_latency_(ms)": 1.231060606060606}