{"RMSE_Loss_Train": 1.7692265510559082, "R2_Score_Train": -1.7128605842590332, "RMSE_Loss_Validation": 2.676182270050049, "training_duration_(H,M,S)": "0:07:10.695097", "inference_latency_(ms)": 0.4734848484848485}