{"RMSE_Loss_Train": 72.56256866455078, "R2_Score_Train": -0.003222823143005371, "RMSE_Loss_Validation": 86.08861541748047, "training_duration_(H,M,S)": "0:07:11.618073", "inference_latency_(ms)": 1.1363636363636365}