{"RMSE_Loss_Train": 72.52021026611328, "R2_Score_Train": -0.0033494234085083008, "RMSE_Loss_Validation": 86.09404754638672, "training_duration_(H,M,S)": "0:07:08.083039", "inference_latency_(ms)": 0.7102272727272727}