{"RMSE_Loss_Train": 2.138488292694092, "R2_Score_Train": -3.0498733520507812, "RMSE_Loss_Validation": 2.3468761444091797, "training_duration_(H,M,S)": "0:08:19.899998", "inference_latency_(ms)": 0.4734848484848485}