{"RMSE_Loss_Train": 76.51237487792969, "R2_Score_Train": -0.00016498565673828125, "RMSE_Loss_Validation": 85.95731353759766, "training_duration_(H,M,S)": "0:07:20.934573", "inference_latency_(ms)": 1.0416666666666667}