{"RMSE_Loss_Train": 0.930680513381958, "R2_Score_Train": -0.0930173397064209, "RMSE_Loss_Validation": 2.644865036010742, "training_duration_(H,M,S)": "0:08:35.018105", "inference_latency_(ms)": 0.42613636363636365}