{"RMSE_Loss_Train": 160.30026245117188, "R2_Score_Train": -7.872677803039551, "RMSE_Loss_Validation": 192.23692321777344, "training_duration_(H,M,S)": "0:07:03.512449", "inference_latency_(ms)": 0.8049242424242424}