{"RMSE_Loss_Train": 73.58121490478516, "R2_Score_Train": -0.0009588003158569336, "RMSE_Loss_Validation": 85.99141693115234, "training_duration_(H,M,S)": "0:07:13.700969", "inference_latency_(ms)": 0.946969696969697}