{"RMSE_Loss_Train": 73.0853500366211, "R2_Score_Train": -0.001958608627319336, "RMSE_Loss_Validation": 86.03434753417969, "training_duration_(H,M,S)": "0:07:13.242236", "inference_latency_(ms)": 0.7102272727272727}