{"RMSE_Loss_Train": 1.005007028579712, "R2_Score_Train": -0.42661821842193604, "RMSE_Loss_Validation": 1.9406886100769043, "training_duration_(H,M,S)": "0:07:09.549918", "inference_latency_(ms)": 0.3314393939393939}