{"RMSE_Loss_Train": 1.2854653596878052, "R2_Score_Train": 0.1924755573272705, "RMSE_Loss_Validation": 1.0479661226272583, "training_duration_(H,M,S)": "0:08:32.889911", "inference_latency_(ms)": 0.4734848484848485}