{"RMSE_Loss_Train": 1.9198745489120483, "R2_Score_Train": -2.3210079669952393, "RMSE_Loss_Validation": 2.1252224445343018, "training_duration_(H,M,S)": "0:08:19.927999", "inference_latency_(ms)": 0.4734848484848485}