{"RMSE_Loss_Train": 2.2874536514282227, "R2_Score_Train": -3.600933074951172, "RMSE_Loss_Validation": 2.501453161239624, "training_duration_(H,M,S)": "0:08:19.798999", "inference_latency_(ms)": 0.5208333333333334}