{"RMSE_Loss_Train": 0.9299148917198181, "R2_Score_Train": -0.0461810827255249, "RMSE_Loss_Validation": 1.6619020700454712, "training_duration_(H,M,S)": "0:07:15.214594", "inference_latency_(ms)": 0.3314393939393939}