{"RMSE_Loss_Train": 72.86237335205078, "R2_Score_Train": -0.002403855323791504, "RMSE_Loss_Validation": 86.053466796875, "training_duration_(H,M,S)": "0:07:02.197771", "inference_latency_(ms)": 0.7102272727272727}