{"RMSE_Loss_Train": 0.9307556748390198, "R2_Score_Train": -0.04619431495666504, "RMSE_Loss_Validation": 1.6619125604629517, "training_duration_(H,M,S)": "0:07:15.719563", "inference_latency_(ms)": 0.23674242424242425}