{"RMSE_Loss_Train": 72.3672866821289, "R2_Score_Train": -0.0039327144622802734, "RMSE_Loss_Validation": 86.11906433105469, "training_duration_(H,M,S)": "0:07:04.728195", "inference_latency_(ms)": 0.8996212121212122}