{"RMSE_train": 0.8942075759635549, "RMSE_validation": 1.041839747342898, "RMSE_test": 0.9867853088912716, "R2_train": 0.09779857592079533, "R2_test": -0.04952340762724794, "R2_validation": -0.04813034251432846}