{"RMSE_Loss_Train": 1.3716779947280884, "R2_Score_Train": -0.705295205116272, "RMSE_Loss_Validation": 1.5228923559188843, "training_duration_(H,M,S)": "0:08:24.263928", "inference_latency_(ms)": 0.7575757575757576}