{"RMSE_Loss_Train": 0.9243051409721375, "R2_Score_Train": -0.052419304847717285, "RMSE_Loss_Validation": 1.6668494939804077, "training_duration_(H,M,S)": "0:07:09.940122", "inference_latency_(ms)": 0.42613636363636365}