{"RMSE_Loss_Train": 1.0297667980194092, "R2_Score_Train": -0.05320143699645996, "RMSE_Loss_Validation": 2.596245050430298, "training_duration_(H,M,S)": "0:08:31.313003", "inference_latency_(ms)": 0.3314393939393939}