{"Accuracy": 0.7831325301204819, "precision": 0.7060185185185186, "recall": 0.5279698302954117, "F1": 0.4991199396530048}