{"RMSE_Loss_Train": 0.9303176999092102, "R2_Score_Train": -0.2781566381454468, "RMSE_Loss_Validation": 1.8369359970092773, "training_duration_(H,M,S)": "0:08:17.321662", "inference_latency_(ms)": 0.615530303030303}