{"RMSE_test": 0.982923256207752, "RMSE_train": 0.9641957498712691, "R2_test": -0.013507691363705776, "R2_train": -0.007485961550899534}