{"RMSE_test": 0.9663107535301663, "RMSE_train": 0.9577558540674079, "R2_test": -0.011910734289606761, "R2_train": 0.03772886667783604}