{"RMSE_train": 0.9732886576123017, "RMSE_validation": 1.0470219220345005, "RMSE_test": 0.9503998649111096, "R2_train": 0.013192379090621431, "R2_test": -0.006201058801113879, "R2_validation": 0.025573233097905157}