{"RMSE_Loss_Train": 1.2147367000579834, "R2_Score_Train": -0.38563382625579834, "RMSE_Loss_Validation": 1.3727569580078125, "training_duration_(H,M,S)": "0:08:26.784001", "inference_latency_(ms)": 0.3787878787878788}