{"loss": 1.0021182978842016, "r2": 0.006885718346038461}