{"RMSE_Loss_Train": 1.3761156797409058, "R2_Score_Train": 0.2729707360267639, "RMSE_Loss_Validation": 0.9943639636039734, "training_duration_(H,M,S)": "0:08:38.642973", "inference_latency_(ms)": 0.42613636363636365}