{"RMSE_train": 0.9628510367027633, "RMSE_validation": 1.036204930597214, "RMSE_test": 0.9571068800695948, "R2_train": 0.03424408907974463, "R2_test": -0.020452782971283723, "R2_validation": 0.045603221899201296}