{"RMSE_Loss_Train": 73.9267578125, "R2_Score_Train": -0.0028700828552246094, "RMSE_Loss_Validation": 86.07347106933594, "training_duration_(H,M,S)": "0:07:16.742366", "inference_latency_(ms)": 0.8049242424242424}