{"RMSE_Loss_Train": 1.2827702760696411, "R2_Score_Train": -0.5538910627365112, "RMSE_Loss_Validation": 1.453716516494751, "training_duration_(H,M,S)": "0:08:20.672001", "inference_latency_(ms)": 0.2840909090909091}