{"RMSE_Loss_Train": 1.4052190780639648, "R2_Score_Train": -1.4118504524230957, "RMSE_Loss_Validation": 1.2424105405807495, "training_duration_(H,M,S)": "0:09:19.800531", "inference_latency_(ms)": 0.8049242424242424}