{"RMSE_Loss_Train": 1.296603798866272, "R2_Score_Train": 0.0948377251625061, "RMSE_Loss_Validation": 1.1095136404037476, "training_duration_(H,M,S)": "0:08:40.702548", "inference_latency_(ms)": 0.5681818181818182}