{"loss": 1.0046288736701185, "r2": 0.0019034485826896486}