{"loss": 0.9969403469074831, "r2": 0.017122058579202792}