{"RMSE_Loss_Train": 2.0317630767822266, "R2_Score_Train": -2.2348592281341553, "RMSE_Loss_Validation": 2.922333002090454, "training_duration_(H,M,S)": "0:08:00.041485", "inference_latency_(ms)": 0.7102272727272727}