{"RMSE_Loss_Train": 0.9469103217124939, "R2_Score_Train": -0.015837907791137695, "RMSE_Loss_Validation": 1.6376240253448486, "training_duration_(H,M,S)": "0:07:11.899478", "inference_latency_(ms)": 0.615530303030303}