{"RMSE_Loss_Train": 0.9272938966751099, "R2_Score_Train": -0.04790210723876953, "RMSE_Loss_Validation": 1.6632684469223022, "training_duration_(H,M,S)": "0:07:46.387941", "inference_latency_(ms)": 0.615530303030303}