{"RMSE_Loss_Train": 2.0263986587524414, "R2_Score_Train": -2.667801856994629, "RMSE_Loss_Validation": 2.2334299087524414, "training_duration_(H,M,S)": "0:08:19.630001", "inference_latency_(ms)": 0.42613636363636365}