{"RMSE_Loss_Train": 1.7545807361602783, "R2_Score_Train": -1.6849231719970703, "RMSE_Loss_Validation": 2.6623668670654297, "training_duration_(H,M,S)": "0:07:02.687001", "inference_latency_(ms)": 0.5208333333333334}